{"bgmVolume":0.019999999552965165,"seVolume":0.019999999552965165}